response_time,hour,date_1,day_1,month_!,date
70.75,0,1/01/2024 0:00,1,1,1/01/2024 0:00
70.97,0,8/01/2024 0:00,8,1,8/01/2024 0:00
71.28,0,15/01/2024 0:00,15,1,15/01/2024 0:00
71.4,0,22/01/2024 0:00,22,1,22/01/2024 0:00
72.19,0,29/01/2024 0:00,29,1,29/01/2024 0:00
72.9,0,1/02/2024 0:00,1,2,1/03/2024 0:00
72.94,0,8/02/2024 0:00,8,2,8/03/2024 0:00
73.05,0,15/02/2024 0:00,15,2,15/03/2024 0:00
73.06,0,22/02/2024 0:00,22,2,22/03/2024 0:00
73.15,0,29/02/2024 0:00,29,2,29/03/2024 0:00
73.16,0,1/03/2024 0:00,1,3,1/05/2024 0:00
73.64,0,8/03/2024 0:00,8,3,8/05/2024 0:00
73.68,0,15/03/2024 0:00,15,3,15/05/2024 0:00
73.83,0,22/03/2024 0:00,22,3,22/05/2024 0:00
74.73,0,29/03/2024 0:00,29,3,29/05/2024 0:00
75.08,0,1/04/2024 0:00,1,4,1/04/2024 0:00
75.09,0,8/04/2024 0:00,8,4,8/04/2024 0:00
75.23,0,15/04/2024 0:00,15,4,15/04/2024 0:00
75.49,0,22/04/2024 0:00,22,4,22/04/2024 0:00
75.83,0,29/04/2024 0:00,29,4,29/04/2024 0:00
76.62,0,1/05/2024 0:00,1,5,1/02/2024 0:00
77.91,0,8/05/2024 0:00,8,5,8/02/2024 0:00
78.14,0,15/05/2024 0:00,15,5,15/02/2024 0:00
78.26,0,22/05/2024 0:00,22,5,22/02/2024 0:00
78.27,0,29/05/2024 0:00,29,5,29/02/2024 0:00
78.64,0,1/06/2024 0:00,1,6,1/06/2024 0:00
79.39,0,8/06/2024 0:00,8,6,8/06/2024 0:00
79.43,0,15/06/2024 0:00,15,6,15/06/2024 0:00
79.82,0,22/06/2024 0:00,22,6,22/06/2024 0:00
70.53,1,1/01/2024 1:00,1,1,1/01/2024 1:00
71.23,1,8/01/2024 1:00,8,1,8/01/2024 1:00
71.86,1,15/01/2024 1:00,15,1,15/01/2024 1:00
72.86,1,22/01/2024 1:00,22,1,22/01/2024 1:00
72.89,1,29/02/2024 1:00,29,2,29/02/2024 1:00
72.9,1,1/02/2024 1:00,1,2,1/02/2024 1:00
72.94,1,8/02/2024 1:00,8,2,8/02/2024 1:00
73.45,1,15/02/2024 1:00,15,2,15/02/2024 1:00
73.56,1,22/02/2024 1:00,22,2,22/02/2024 1:00
73.71,1,29/03/2024 1:00,29,3,29/03/2024 1:00
73.83,1,1/03/2024 1:00,1,3,1/03/2024 1:00
74.59,1,8/03/2024 1:00,8,3,8/03/2024 1:00
75.67,1,15/03/2024 1:00,15,3,15/03/2024 1:00
75.77,1,22/03/2024 1:00,22,3,22/03/2024 1:00
76.17,1,29/04/2024 1:00,29,4,29/04/2024 1:00
76.28,1,1/04/2024 1:00,1,4,29/06/2024 1:00
76.64,1,8/04/2024 1:00,8,4,1/06/2024 1:00
76.66,1,15/04/2024 1:00,15,4,8/06/2024 1:00
76.67,1,22/04/2024 1:00,22,4,15/06/2024 1:00
76.83,1,29/05/2024 1:00,29,5,29/05/2024 1:00
77.24,1,1/05/2024 1:00,1,5,1/05/2024 1:00
77.39,1,8/05/2024 1:00,8,5,8/05/2024 1:00
78.02,1,15/05/2024 1:00,15,5,15/05/2024 1:00
78.06,1,22/05/2024 1:00,22,5,22/05/2024 1:00
78.48,1,29/06/2024 1:00,29,6,1/04/2024 1:00
78.97,1,1/06/2024 1:00,1,6,8/04/2024 1:00
79.12,1,8/06/2024 1:00,8,6,15/04/2024 1:00
79.29,1,15/06/2024 1:00,15,6,22/04/2024 1:00
79.8,1,22/06/2024 1:00,22,6,22/06/2024 1:00
79.83,1,29/06/2024 1:00,29,6,29/06/2024 1:00
81.39,2,1/01/2024 2:00,1,1,1/01/2024 2:00
81.45,2,8/01/2024 2:00,8,1,8/01/2024 2:00
81.52,2,15/01/2024 2:00,15,1,15/01/2024 2:00
81.62,2,22/01/2024 2:00,22,1,22/01/2024 2:00
82.15,2,29/02/2024 2:00,29,2,29/02/2024 2:00
82.25,2,1/02/2024 2:00,1,2,1/02/2024 2:00
82.27,2,8/02/2024 2:00,8,2,8/02/2024 2:00
82.73,2,15/02/2024 2:00,15,2,15/02/2024 2:00
82.79,2,22/02/2024 2:00,22,2,22/02/2024 2:00
82.82,2,29/03/2024 2:00,29,3,29/03/2024 2:00
83.1,2,1/03/2024 2:00,1,3,1/03/2024 2:00
83.14,2,8/03/2024 2:00,8,3,1/05/2024 2:00
84.33,2,15/03/2024 2:00,15,3,8/05/2024 2:00
84.92,2,22/03/2024 2:00,22,3,15/05/2024 2:00
85.53,2,29/04/2024 2:00,29,4,29/04/2024 2:00
85.57,2,1/04/2024 2:00,1,4,1/04/2024 2:00
85.68,2,8/04/2024 2:00,8,4,8/04/2024 2:00
86.23,2,15/04/2024 2:00,15,4,15/04/2024 2:00
86.56,2,22/04/2024 2:00,22,4,22/04/2024 2:00
86.78,2,29/05/2024 2:00,29,5,29/05/2024 2:00
86.83,2,1/05/2024 2:00,1,5,8/03/2024 2:00
86.91,2,8/05/2024 2:00,8,5,15/03/2024 2:00
87.12,2,15/05/2024 2:00,15,5,22/03/2024 2:00
88.45,2,22/05/2024 2:00,22,5,22/05/2024 2:00
88.51,2,29/06/2024 2:00,29,6,29/06/2024 2:00
88.54,2,1/06/2024 2:00,1,6,1/06/2024 2:00
88.75,2,8/06/2024 2:00,8,6,8/06/2024 2:00
89.66,2,15/06/2024 2:00,15,6,15/06/2024 2:00
89.69,2,22/06/2024 2:00,22,6,22/06/2024 2:00
89.71,2,29/06/2024 2:00,29,6,29/06/2024 2:00
80.05,3,1/01/2024 3:00,1,1,1/01/2024 3:00
80.27,3,8/01/2024 3:00,8,1,8/01/2024 3:00
80.39,3,15/01/2024 3:00,15,1,15/01/2024 3:00
80.96,3,22/01/2024 3:00,22,1,22/01/2024 3:00
82.01,3,29/02/2024 3:00,29,2,29/02/2024 3:00
82.22,3,1/02/2024 3:00,1,2,1/02/2024 3:00
82.43,3,8/02/2024 3:00,8,2,8/02/2024 3:00
82.46,3,15/02/2024 3:00,15,2,15/02/2024 3:00
82.59,3,22/02/2024 3:00,22,2,22/02/2024 3:00
83.02,3,29/03/2024 3:00,29,3,29/03/2024 3:00
83.31,3,1/03/2024 3:00,1,3,1/03/2024 3:00
83.77,3,8/03/2024 3:00,8,3,8/03/2024 3:00
83.79,3,15/03/2024 3:00,15,3,15/03/2024 3:00
83.81,3,22/03/2024 3:00,22,3,22/03/2024 3:00
83.94,3,29/04/2024 3:00,29,4,29/04/2024 3:00
84,3,1/04/2024 3:00,1,4,1/04/2024 3:00
84.24,3,8/04/2024 3:00,8,4,8/04/2024 3:00
84.58,3,15/04/2024 3:00,15,4,15/04/2024 3:00
84.66,3,22/04/2024 3:00,22,4,22/04/2024 3:00
84.72,3,29/05/2024 3:00,29,5,29/05/2024 3:00
85.18,3,1/05/2024 3:00,1,5,1/05/2024 3:00
87.28,3,8/05/2024 3:00,8,5,8/05/2024 3:00
87.58,3,15/05/2024 3:00,15,5,15/05/2024 3:00
87.71,3,22/05/2024 3:00,22,5,22/05/2024 3:00
88.13,3,29/06/2024 3:00,29,6,29/06/2024 3:00
88.23,3,1/06/2024 3:00,1,6,1/06/2024 3:00
88.44,3,8/06/2024 3:00,8,6,8/06/2024 3:00
89.03,3,15/06/2024 3:00,15,6,15/06/2024 3:00
89.06,3,22/06/2024 3:00,22,6,22/06/2024 3:00
89.86,3,29/06/2024 3:00,29,6,29/06/2024 3:00
90.12,4,1/01/2024 4:00,1,1,1/01/2024 4:00
90.24,4,8/01/2024 4:00,8,1,8/01/2024 4:00
90.7,4,15/01/2024 4:00,15,1,15/01/2024 4:00
91.26,4,22/01/2024 4:00,22,1,22/01/2024 4:00
91.95,4,29/02/2024 4:00,29,2,29/02/2024 4:00
92.5,4,1/02/2024 4:00,1,2,1/02/2024 4:00
92.52,4,8/02/2024 4:00,8,2,8/02/2024 4:00
92.69,4,15/02/2024 4:00,15,2,15/02/2024 4:00
92.83,4,22/02/2024 4:00,22,2,22/02/2024 4:00
93.09,4,29/03/2024 4:00,29,3,29/03/2024 4:00
94.24,4,1/03/2024 4:00,1,3,1/03/2024 4:00
94.39,4,8/03/2024 4:00,8,3,8/03/2024 4:00
94.92,4,15/03/2024 4:00,15,3,15/03/2024 4:00
95.42,4,22/03/2024 4:00,22,3,22/03/2024 4:00
95.91,4,29/04/2024 4:00,29,4,29/04/2024 4:00
95.93,4,1/04/2024 4:00,1,4,1/04/2024 4:00
96.04,4,8/04/2024 4:00,8,4,8/04/2024 4:00
96.99,4,15/04/2024 4:00,15,4,15/04/2024 4:00
97.18,4,22/04/2024 4:00,22,4,22/04/2024 4:00
97.25,4,29/05/2024 4:00,29,5,29/05/2024 4:00
97.27,4,1/05/2024 4:00,1,5,1/05/2024 4:00
97.53,4,8/05/2024 4:00,8,5,8/05/2024 4:00
97.6,4,15/05/2024 4:00,15,5,15/05/2024 4:00
97.92,4,22/05/2024 4:00,22,5,22/05/2024 4:00
98.24,4,29/06/2024 4:00,29,6,29/06/2024 4:00
98.61,4,1/06/2024 4:00,1,6,1/06/2024 4:00
99.29,4,8/06/2024 4:00,8,6,8/06/2024 4:00
99.58,4,15/06/2024 4:00,15,6,15/06/2024 4:00
99.65,4,22/06/2024 4:00,22,6,22/06/2024 4:00
99.8,4,29/06/2024 4:00,29,6,29/06/2024 4:00
90.68,5,1/01/2024 5:00,1,1,1/01/2024 5:00
91.3,5,8/01/2024 5:00,8,1,8/01/2024 5:00
92.59,5,15/01/2024 5:00,15,1,15/01/2024 5:00
92.98,5,22/01/2024 5:00,22,1,22/01/2024 5:00
93.86,5,29/02/2024 5:00,29,2,29/02/2024 5:00
94.12,5,1/02/2024 5:00,1,2,1/02/2024 5:00
94.16,5,8/02/2024 5:00,8,2,8/02/2024 5:00
94.21,5,15/02/2024 5:00,15,2,15/02/2024 5:00
94.23,5,22/02/2024 5:00,22,2,22/02/2024 5:00
94.48,5,29/03/2024 5:00,29,3,29/03/2024 5:00
94.7,5,1/03/2024 5:00,1,3,1/03/2024 5:00
94.75,5,8/03/2024 5:00,8,3,8/03/2024 5:00
95.06,5,15/03/2024 5:00,15,3,15/03/2024 5:00
95.25,5,22/03/2024 5:00,22,3,22/03/2024 5:00
95.41,5,29/04/2024 5:00,29,4,29/04/2024 5:00
95.91,5,1/04/2024 5:00,1,4,1/04/2024 5:00
96.09,5,8/04/2024 5:00,8,4,8/04/2024 5:00
96.77,5,15/04/2024 5:00,15,4,15/04/2024 5:00
97.05,5,22/04/2024 5:00,22,4,22/04/2024 5:00
97.17,5,29/05/2024 5:00,29,5,29/05/2024 5:00
97.47,5,1/05/2024 5:00,1,5,1/05/2024 5:00
97.54,5,8/05/2024 5:00,8,5,8/05/2024 5:00
98.21,5,15/05/2024 5:00,15,5,15/05/2024 5:00
98.87,5,22/05/2024 5:00,22,5,22/05/2024 5:00
99.3,5,29/06/2024 5:00,29,6,29/06/2024 5:00
99.45,5,1/06/2024 5:00,1,6,1/06/2024 5:00
99.78,5,8/06/2024 5:00,8,6,8/06/2024 5:00
99.84,5,15/06/2024 5:00,15,6,15/06/2024 5:00
100.47,5,22/06/2024 5:00,22,6,22/06/2024 5:00
100.86,5,29/06/2024 5:00,29,6,29/06/2024 5:00
100.04,6,1/01/2024 6:00,1,1,1/01/2024 6:00
100.97,6,8/01/2024 6:00,8,1,8/01/2024 6:00
101.17,6,15/01/2024 6:00,15,1,15/01/2024 6:00
101.62,6,22/01/2024 6:00,22,1,22/01/2024 6:00
101.85,6,29/02/2024 6:00,29,2,29/02/2024 6:00
102.19,6,1/02/2024 6:00,1,2,1/02/2024 6:00
102.35,6,8/02/2024 6:00,8,2,8/02/2024 6:00
102.54,6,15/02/2024 6:00,15,2,15/02/2024 6:00
102.54,6,22/02/2024 6:00,22,2,22/02/2024 6:00
102.77,6,29/03/2024 6:00,29,3,29/03/2024 6:00
103.07,6,1/03/2024 6:00,1,3,1/03/2024 6:00
103.13,6,8/03/2024 6:00,8,3,8/03/2024 6:00
103.38,6,15/03/2024 6:00,15,3,15/03/2024 6:00
103.47,6,22/03/2024 6:00,22,3,22/03/2024 6:00
104.04,6,29/04/2024 6:00,29,4,29/04/2024 6:00
104.05,6,1/04/2024 6:00,1,4,1/04/2024 6:00
104.12,6,8/04/2024 6:00,8,4,8/04/2024 6:00
104.68,6,15/04/2024 6:00,15,4,15/04/2024 6:00
105.37,6,22/04/2024 6:00,22,4,22/04/2024 6:00
105.46,6,29/05/2024 6:00,29,5,29/05/2024 6:00
105.79,6,1/05/2024 6:00,1,5,1/05/2024 6:00
107.34,6,8/05/2024 6:00,8,5,8/05/2024 6:00
107.34,6,15/05/2024 6:00,15,5,15/05/2024 6:00
107.44,6,22/05/2024 6:00,22,5,22/05/2024 6:00
107.64,6,29/06/2024 6:00,29,6,29/06/2024 6:00
107.85,6,1/06/2024 6:00,1,6,1/06/2024 6:00
108.15,6,8/06/2024 6:00,8,6,8/06/2024 6:00
108.26,6,15/06/2024 6:00,15,6,15/06/2024 6:00
108.52,6,22/06/2024 6:00,22,6,22/06/2024 6:00
109.57,6,29/06/2024 6:00,29,6,29/06/2024 6:00
100.11,7,1/01/2024 7:00,1,1,1/01/2024 7:00
100.16,7,8/01/2024 7:00,8,1,8/01/2024 7:00
100.19,7,15/01/2024 7:00,15,1,15/01/2024 7:00
100.91,7,22/01/2024 7:00,22,1,22/01/2024 7:00
101.49,7,29/02/2024 7:00,29,2,29/02/2024 7:00
102,7,1/02/2024 7:00,1,2,1/02/2024 7:00
103.05,7,8/02/2024 7:00,8,2,8/02/2024 7:00
103.25,7,15/02/2024 7:00,15,2,15/02/2024 7:00
103.56,7,22/02/2024 7:00,22,2,22/02/2024 7:00
103.65,7,29/03/2024 7:00,29,3,29/03/2024 7:00
103.82,7,1/03/2024 7:00,1,3,1/03/2024 7:00
103.85,7,8/03/2024 7:00,8,3,8/03/2024 7:00
104.06,7,15/03/2024 7:00,15,3,15/03/2024 7:00
104.08,7,22/03/2024 7:00,22,3,22/03/2024 7:00
104.26,7,29/04/2024 7:00,29,4,29/04/2024 7:00
104.78,7,1/04/2024 7:00,1,4,1/04/2024 7:00
104.94,7,8/04/2024 7:00,8,4,8/04/2024 7:00
105.03,7,15/04/2024 7:00,15,4,15/04/2024 7:00
105.59,7,22/04/2024 7:00,22,4,22/04/2024 7:00
105.63,7,29/05/2024 7:00,29,5,29/05/2024 7:00
106.04,7,1/05/2024 7:00,1,5,1/05/2024 7:00
107.41,7,8/05/2024 7:00,8,5,8/05/2024 7:00
107.8,7,15/05/2024 7:00,15,5,15/05/2024 7:00
107.96,7,22/05/2024 7:00,22,5,22/05/2024 7:00
108.05,7,29/06/2024 7:00,29,6,29/06/2024 7:00
108.31,7,1/06/2024 7:00,1,6,1/06/2024 7:00
108.46,7,8/06/2024 7:00,8,6,8/06/2024 7:00
109.02,7,15/06/2024 7:00,15,6,15/06/2024 7:00
110.25,7,22/06/2024 7:00,22,6,22/06/2024 7:00
110.4,7,29/06/2024 7:00,29,6,29/06/2024 7:00
110.24,8,1/01/2024 8:00,1,1,1/01/2024 8:00
110.32,8,8/01/2024 8:00,8,1,8/01/2024 8:00
110.44,8,15/01/2024 8:00,15,1,15/01/2024 8:00
110.66,8,22/01/2024 8:00,22,1,22/01/2024 8:00
110.99,8,29/02/2024 8:00,29,2,29/02/2024 8:00
112.13,8,1/02/2024 8:00,1,2,1/02/2024 8:00
112.28,8,8/02/2024 8:00,8,2,8/02/2024 8:00
112.53,8,15/02/2024 8:00,15,2,15/02/2024 8:00
112.57,8,22/02/2024 8:00,22,2,22/02/2024 8:00
112.88,8,29/03/2024 8:00,29,3,29/03/2024 8:00
113.17,8,1/03/2024 8:00,1,3,1/03/2024 8:00
113.46,8,8/03/2024 8:00,8,3,8/03/2024 8:00
113.8,8,15/03/2024 8:00,15,3,15/03/2024 8:00
114.25,8,22/03/2024 8:00,22,3,22/03/2024 8:00
115.11,8,29/04/2024 8:00,29,4,29/04/2024 8:00
115.69,8,1/04/2024 8:00,1,4,1/04/2024 8:00
116.16,8,8/04/2024 8:00,8,4,8/04/2024 8:00
116.46,8,15/04/2024 8:00,15,4,15/04/2024 8:00
116.47,8,22/04/2024 8:00,22,4,22/04/2024 8:00
116.61,8,29/05/2024 8:00,29,5,29/05/2024 8:00
116.87,8,1/05/2024 8:00,1,5,1/05/2024 8:00
117.28,8,8/05/2024 8:00,8,5,8/05/2024 8:00
117.58,8,15/05/2024 8:00,15,5,15/05/2024 8:00
117.63,8,22/05/2024 8:00,22,5,22/05/2024 8:00
118.08,8,29/06/2024 8:00,29,6,29/06/2024 8:00
118.53,8,1/06/2024 8:00,1,6,1/06/2024 8:00
118.65,8,8/06/2024 8:00,8,6,8/06/2024 8:00
118.92,8,15/06/2024 8:00,15,6,15/06/2024 8:00
119.16,8,22/06/2024 8:00,22,6,22/06/2024 8:00
119.34,8,29/06/2024 8:00,29,6,29/06/2024 8:00
120.15,9,1/01/2024 9:00,1,1,1/01/2024 9:00
120.34,9,8/01/2024 9:00,8,1,8/01/2024 9:00
120.35,9,15/01/2024 9:00,15,1,15/01/2024 9:00
120.57,9,22/01/2024 9:00,22,1,22/01/2024 9:00
120.62,9,29/02/2024 9:00,29,2,29/02/2024 9:00
120.67,9,1/02/2024 9:00,1,2,1/02/2024 9:00
121.6,9,8/02/2024 9:00,8,2,8/02/2024 9:00
121.79,9,15/02/2024 9:00,15,2,15/02/2024 9:00
122.62,9,22/02/2024 9:00,22,2,22/02/2024 9:00
123.48,9,29/03/2024 9:00,29,3,29/03/2024 9:00
123.55,9,1/03/2024 9:00,1,3,1/03/2024 9:00
123.65,9,8/03/2024 9:00,8,3,8/03/2024 9:00
123.93,9,15/03/2024 9:00,15,3,15/03/2024 9:00
124.14,9,22/03/2024 9:00,22,3,22/03/2024 9:00
124.15,9,29/04/2024 9:00,29,4,29/04/2024 9:00
124.47,9,1/04/2024 9:00,1,4,1/04/2024 9:00
124.48,9,8/04/2024 9:00,8,4,8/04/2024 9:00
124.71,9,15/04/2024 9:00,15,4,15/04/2024 9:00
125.21,9,22/04/2024 9:00,22,4,22/04/2024 9:00
126.18,9,29/05/2024 9:00,29,5,29/05/2024 9:00
126.37,9,1/05/2024 9:00,1,5,1/05/2024 9:00
127.05,9,8/05/2024 9:00,8,5,8/05/2024 9:00
127.85,9,15/05/2024 9:00,15,5,15/05/2024 9:00
128.31,9,22/05/2024 9:00,22,5,22/05/2024 9:00
128.72,9,29/06/2024 9:00,29,6,29/06/2024 9:00
128.97,9,1/06/2024 9:00,1,6,1/06/2024 9:00
129.07,9,8/06/2024 9:00,8,6,8/06/2024 9:00
129.14,9,15/06/2024 9:00,15,6,15/06/2024 9:00
129.35,9,22/06/2024 9:00,22,6,22/06/2024 9:00
129.68,9,29/06/2024 9:00,29,6,29/06/2024 9:00
120.11,10,1/01/2024 10:00,1,1,1/01/2024 10:00
120.71,10,8/01/2024 10:00,8,1,8/01/2024 10:00
120.76,10,15/01/2024 10:00,15,1,15/01/2024 10:00
120.77,10,22/01/2024 10:00,22,1,22/01/2024 10:00
121.71,10,29/02/2024 10:00,29,2,29/02/2024 10:00
121.85,10,1/02/2024 10:00,1,2,1/02/2024 10:00
122.22,10,8/02/2024 10:00,8,2,8/02/2024 10:00
122.87,10,15/02/2024 10:00,15,2,15/02/2024 10:00
122.95,10,22/02/2024 10:00,22,2,22/02/2024 10:00
123.04,10,29/03/2024 10:00,29,3,29/03/2024 10:00
123.26,10,1/03/2024 10:00,1,3,1/03/2024 10:00
123.42,10,8/03/2024 10:00,8,3,8/03/2024 10:00
124.15,10,15/03/2024 10:00,15,3,15/03/2024 10:00
124.38,10,22/03/2024 10:00,22,3,22/03/2024 10:00
124.81,10,29/04/2024 10:00,29,4,29/04/2024 10:00
125.28,10,1/04/2024 10:00,1,4,1/04/2024 10:00
125.52,10,8/04/2024 10:00,8,4,8/04/2024 10:00
125.75,10,15/04/2024 10:00,15,4,15/04/2024 10:00
125.87,10,22/04/2024 10:00,22,4,22/04/2024 10:00
126.08,10,29/05/2024 10:00,29,5,29/05/2024 10:00
126.44,10,1/05/2024 10:00,1,5,1/05/2024 10:00
126.9,10,8/05/2024 10:00,8,5,8/05/2024 10:00
126.97,10,15/05/2024 10:00,15,5,15/05/2024 10:00
127.08,10,22/05/2024 10:00,22,5,22/05/2024 10:00
127.14,10,29/06/2024 10:00,29,6,29/06/2024 10:00
127.39,10,1/06/2024 10:00,1,6,1/06/2024 10:00
127.41,10,8/06/2024 10:00,8,6,8/06/2024 10:00
127.84,10,15/06/2024 10:00,15,6,15/06/2024 10:00
128.27,10,22/06/2024 10:00,22,6,22/06/2024 10:00
129.54,10,29/06/2024 10:00,29,6,29/06/2024 10:00
130.13,11,1/01/2024 11:00,1,1,1/01/2024 11:00
131.23,11,8/01/2024 11:00,8,1,8/01/2024 11:00
131.34,11,15/01/2024 11:00,15,1,15/01/2024 11:00
131.52,11,22/01/2024 11:00,22,1,22/01/2024 11:00
131.56,11,29/02/2024 11:00,29,2,29/02/2024 11:00
131.8,11,1/02/2024 11:00,1,2,1/02/2024 11:00
131.85,11,8/02/2024 11:00,8,2,8/02/2024 11:00
131.95,11,15/02/2024 11:00,15,2,15/02/2024 11:00
132.12,11,22/02/2024 11:00,22,2,22/02/2024 11:00
132.38,11,29/03/2024 11:00,29,3,29/03/2024 11:00
132.65,11,1/03/2024 11:00,1,3,1/03/2024 11:00
134.41,11,8/03/2024 11:00,8,3,8/03/2024 11:00
134.7,11,15/03/2024 11:00,15,3,15/03/2024 11:00
134.81,11,22/03/2024 11:00,22,3,22/03/2024 11:00
134.86,11,29/04/2024 11:00,29,4,29/04/2024 11:00
134.9,11,1/04/2024 11:00,1,4,1/04/2024 11:00
135.29,11,8/04/2024 11:00,8,4,8/04/2024 11:00
135.32,11,15/04/2024 11:00,15,4,15/04/2024 11:00
135.7,11,22/04/2024 11:00,22,4,22/04/2024 11:00
135.82,11,29/05/2024 11:00,29,5,29/05/2024 11:00
135.85,11,1/05/2024 11:00,1,5,1/05/2024 11:00
135.85,11,8/05/2024 11:00,8,5,8/05/2024 11:00
136.21,11,15/05/2024 11:00,15,5,15/05/2024 11:00
136.33,11,22/05/2024 11:00,22,5,22/05/2024 11:00
137.88,11,29/06/2024 11:00,29,6,29/06/2024 11:00
137.97,11,1/06/2024 11:00,1,6,1/06/2024 11:00
138.67,11,8/06/2024 11:00,8,6,8/06/2024 11:00
139.53,11,15/06/2024 11:00,15,6,15/06/2024 11:00
139.58,11,22/06/2024 11:00,22,6,22/06/2024 11:00
139.59,11,29/06/2024 11:00,29,6,29/06/2024 11:00
140.17,12,1/01/2024 12:00,1,1,1/01/2024 12:00
140.85,12,8/01/2024 12:00,8,1,8/01/2024 12:00
140.98,12,15/01/2024 12:00,15,1,15/01/2024 12:00
141.67,12,22/01/2024 12:00,22,1,22/01/2024 12:00
141.96,12,29/02/2024 12:00,29,2,29/02/2024 12:00
142.03,12,1/02/2024 12:00,1,2,1/02/2024 12:00
142.04,12,8/02/2024 12:00,8,2,8/02/2024 12:00
142.17,12,15/02/2024 12:00,15,2,15/02/2024 12:00
142.73,12,22/02/2024 12:00,22,2,22/02/2024 12:00
143.74,12,29/03/2024 12:00,29,3,29/03/2024 12:00
144.19,12,1/03/2024 12:00,1,3,1/03/2024 12:00
144.35,12,8/03/2024 12:00,8,3,8/03/2024 12:00
144.43,12,15/03/2024 12:00,15,3,15/03/2024 12:00
144.94,12,22/03/2024 12:00,22,3,22/03/2024 12:00
145.63,12,29/04/2024 12:00,29,4,29/04/2024 12:00
146.36,12,1/04/2024 12:00,1,4,1/04/2024 12:00
146.57,12,8/04/2024 12:00,8,4,8/04/2024 12:00
146.91,12,15/04/2024 12:00,15,4,15/04/2024 12:00
146.95,12,22/04/2024 12:00,22,4,22/04/2024 12:00
147.59,12,29/05/2024 12:00,29,5,29/05/2024 12:00
147.81,12,1/05/2024 12:00,1,5,1/05/2024 12:00
148.57,12,8/05/2024 12:00,8,5,8/05/2024 12:00
148.73,12,15/05/2024 12:00,15,5,15/05/2024 12:00
148.79,12,22/05/2024 12:00,22,5,22/05/2024 12:00
148.79,12,29/06/2024 12:00,29,6,29/06/2024 12:00
149.26,12,1/06/2024 12:00,1,6,1/06/2024 12:00
149.34,12,8/06/2024 12:00,8,6,8/06/2024 12:00
149.35,12,15/06/2024 12:00,15,6,15/06/2024 12:00
149.39,12,22/06/2024 12:00,22,6,22/06/2024 12:00
149.72,12,29/06/2024 12:00,29,6,29/06/2024 12:00
141.54,13,1/01/2024 13:00,1,1,1/01/2024 13:00
141.92,13,8/01/2024 13:00,8,1,8/01/2024 13:00
142.11,13,15/01/2024 13:00,15,1,15/01/2024 13:00
142.48,13,22/01/2024 13:00,22,1,22/01/2024 13:00
143.02,13,29/02/2024 13:00,29,2,29/02/2024 13:00
143.07,13,1/02/2024 13:00,1,2,1/02/2024 13:00
143.52,13,8/02/2024 13:00,8,2,8/02/2024 13:00
143.53,13,15/02/2024 13:00,15,2,15/02/2024 13:00
144.12,13,22/02/2024 13:00,22,2,22/02/2024 13:00
144.38,13,29/03/2024 13:00,29,3,29/03/2024 13:00
144.8,13,1/03/2024 13:00,1,3,1/03/2024 13:00
144.81,13,8/03/2024 13:00,8,3,8/03/2024 13:00
145.03,13,15/03/2024 13:00,15,3,15/03/2024 13:00
145.13,13,22/03/2024 13:00,22,3,22/03/2024 13:00
145.41,13,29/04/2024 13:00,29,4,29/04/2024 13:00
145.44,13,1/04/2024 13:00,1,4,1/04/2024 13:00
145.5,13,8/04/2024 13:00,8,4,8/04/2024 13:00
145.55,13,15/04/2024 13:00,15,4,15/04/2024 13:00
146.12,13,22/04/2024 13:00,22,4,22/04/2024 13:00
146.75,13,29/05/2024 13:00,29,5,29/05/2024 13:00
147.18,13,1/05/2024 13:00,1,5,1/05/2024 13:00
147.2,13,8/05/2024 13:00,8,5,8/05/2024 13:00
147.5,13,15/05/2024 13:00,15,5,15/05/2024 13:00
148.07,13,22/05/2024 13:00,22,5,22/05/2024 13:00
148.61,13,29/06/2024 13:00,29,6,29/06/2024 13:00
148.69,13,1/06/2024 13:00,1,6,1/06/2024 13:00
148.81,13,8/06/2024 13:00,8,6,8/06/2024 13:00
148.97,13,15/06/2024 13:00,15,6,15/06/2024 13:00
149.28,13,22/06/2024 13:00,22,6,22/06/2024 13:00
149.87,13,29/06/2024 13:00,29,6,29/06/2024 13:00
120.84,14,1/01/2024 14:00,1,1,1/01/2024 14:00
120.86,14,8/01/2024 14:00,8,1,8/01/2024 14:00
121.68,14,15/01/2024 14:00,15,1,15/01/2024 14:00
121.73,14,22/01/2024 14:00,22,1,22/01/2024 14:00
122.08,14,29/02/2024 14:00,29,2,29/02/2024 14:00
122.39,14,1/02/2024 14:00,1,2,1/02/2024 14:00
122.64,14,8/02/2024 14:00,8,2,8/02/2024 14:00
123.05,14,15/02/2024 14:00,15,2,15/02/2024 14:00
123.12,14,22/02/2024 14:00,22,2,22/02/2024 14:00
123.51,14,29/03/2024 14:00,29,3,29/03/2024 14:00
123.62,14,1/03/2024 14:00,1,3,1/03/2024 14:00
123.9,14,8/03/2024 14:00,8,3,8/03/2024 14:00
124.27,14,15/03/2024 14:00,15,3,15/03/2024 14:00
124.43,14,22/03/2024 14:00,22,3,22/03/2024 14:00
124.61,14,29/04/2024 14:00,29,4,29/04/2024 14:00
125.5,14,1/04/2024 14:00,1,4,1/04/2024 14:00
126.7,14,8/04/2024 14:00,8,4,8/04/2024 14:00
128.63,14,15/04/2024 14:00,15,4,15/04/2024 14:00
128.99,14,22/04/2024 14:00,22,4,22/04/2024 14:00
130.31,14,29/05/2024 14:00,29,5,29/05/2024 14:00
130.67,14,1/05/2024 14:00,1,5,1/05/2024 14:00
131.72,14,8/05/2024 14:00,8,5,8/05/2024 14:00
132.03,14,15/05/2024 14:00,15,5,15/05/2024 14:00
132.13,14,22/05/2024 14:00,22,5,22/05/2024 14:00
132.23,14,29/06/2024 14:00,29,6,29/06/2024 14:00
132.94,14,1/06/2024 14:00,1,6,1/06/2024 14:00
133.22,14,8/06/2024 14:00,8,6,8/06/2024 14:00
133.76,14,15/06/2024 14:00,15,6,15/06/2024 14:00
134.01,14,22/06/2024 14:00,22,6,22/06/2024 14:00
134.87,14,29/06/2024 14:00,29,6,29/06/2024 14:00
115.37,15,1/01/2024 15:00,1,1,1/01/2024 15:00
115.83,15,8/01/2024 15:00,8,1,8/01/2024 15:00
116.24,15,15/01/2024 15:00,15,1,15/01/2024 15:00
116.63,15,22/01/2024 15:00,22,1,22/01/2024 15:00
116.73,15,29/02/2024 15:00,29,2,29/02/2024 15:00
118.58,15,1/02/2024 15:00,1,2,1/02/2024 15:00
118.91,15,8/02/2024 15:00,8,2,8/02/2024 15:00
119.28,15,15/02/2024 15:00,15,2,15/02/2024 15:00
119.36,15,22/02/2024 15:00,22,2,22/02/2024 15:00
119.71,15,29/03/2024 15:00,29,3,29/03/2024 15:00
120.87,15,1/03/2024 15:00,1,3,1/03/2024 15:00
121.37,15,8/03/2024 15:00,8,3,8/03/2024 15:00
121.73,15,15/03/2024 15:00,15,3,15/03/2024 15:00
122.23,15,22/03/2024 15:00,22,3,22/03/2024 15:00
122.89,15,29/04/2024 15:00,29,4,29/04/2024 15:00
123.74,15,1/04/2024 15:00,1,4,1/04/2024 15:00
123.87,15,8/04/2024 15:00,8,4,8/04/2024 15:00
124.27,15,15/04/2024 15:00,15,4,15/04/2024 15:00
124.58,15,22/04/2024 15:00,22,4,22/04/2024 15:00
124.65,15,29/05/2024 15:00,29,5,29/05/2024 15:00
126.16,15,1/05/2024 15:00,1,5,1/05/2024 15:00
126.77,15,8/05/2024 15:00,8,5,8/05/2024 15:00
127.33,15,15/05/2024 15:00,15,5,15/05/2024 15:00
127.87,15,22/05/2024 15:00,22,5,22/05/2024 15:00
128.09,15,29/06/2024 15:00,29,6,29/06/2024 15:00
128.21,15,1/06/2024 15:00,1,6,1/06/2024 15:00
128.5,15,8/06/2024 15:00,8,6,8/06/2024 15:00
129.31,15,15/06/2024 15:00,15,6,15/06/2024 15:00
129.87,15,22/06/2024 15:00,22,6,22/06/2024 15:00
129.87,15,29/06/2024 15:00,29,6,29/06/2024 15:00
115.26,16,1/01/2024 16:00,1,1,1/01/2024 16:00
115.31,16,8/01/2024 16:00,8,1,8/01/2024 16:00
115.66,16,15/01/2024 16:00,15,1,15/01/2024 16:00
115.86,16,22/01/2024 16:00,22,1,22/01/2024 16:00
116.89,16,29/02/2024 16:00,29,2,29/02/2024 16:00
117.35,16,1/02/2024 16:00,1,2,1/02/2024 16:00
117.87,16,8/02/2024 16:00,8,2,8/02/2024 16:00
118,16,15/02/2024 16:00,15,2,15/02/2024 16:00
118.06,16,22/02/2024 16:00,22,2,22/02/2024 16:00
118.07,16,29/03/2024 16:00,29,3,29/03/2024 16:00
118.47,16,1/03/2024 16:00,1,3,1/03/2024 16:00
118.62,16,8/03/2024 16:00,8,3,8/03/2024 16:00
118.75,16,15/03/2024 16:00,15,3,15/03/2024 16:00
119.57,16,22/03/2024 16:00,22,3,22/03/2024 16:00
119.74,16,29/04/2024 16:00,29,4,29/04/2024 16:00
119.77,16,1/04/2024 16:00,1,4,1/04/2024 16:00
120.03,16,8/04/2024 16:00,8,4,8/04/2024 16:00
120.27,16,15/04/2024 16:00,15,4,15/04/2024 16:00
121.18,16,22/04/2024 16:00,22,4,22/04/2024 16:00
121.2,16,29/05/2024 16:00,29,5,29/05/2024 16:00
121.45,16,1/05/2024 16:00,1,5,1/05/2024 16:00
121.52,16,8/05/2024 16:00,8,5,8/05/2024 16:00
122.06,16,15/05/2024 16:00,15,5,15/05/2024 16:00
122.26,16,22/05/2024 16:00,22,5,22/05/2024 16:00
123.05,16,29/06/2024 16:00,29,6,29/06/2024 16:00
123.06,16,1/06/2024 16:00,1,6,1/06/2024 16:00
123.65,16,8/06/2024 16:00,8,6,8/06/2024 16:00
123.77,16,15/06/2024 16:00,15,6,15/06/2024 16:00
123.88,16,22/06/2024 16:00,22,6,22/06/2024 16:00
124.9,16,29/06/2024 16:00,29,6,29/06/2024 16:00
110.06,17,1/01/2024 17:00,1,1,1/01/2024 17:00
110.14,17,8/01/2024 17:00,8,1,8/01/2024 17:00
110.51,17,15/01/2024 17:00,15,1,15/01/2024 17:00
110.75,17,22/01/2024 17:00,22,1,22/01/2024 17:00
110.76,17,29/02/2024 17:00,29,2,29/02/2024 17:00
110.78,17,1/02/2024 17:00,1,2,1/02/2024 17:00
111.04,17,8/02/2024 17:00,8,2,8/02/2024 17:00
111.13,17,15/02/2024 17:00,15,2,15/02/2024 17:00
111.16,17,22/02/2024 17:00,22,2,22/02/2024 17:00
111.29,17,29/03/2024 17:00,29,3,29/03/2024 17:00
111.46,17,1/03/2024 17:00,1,3,1/03/2024 17:00
111.47,17,8/03/2024 17:00,8,3,8/03/2024 17:00
111.49,17,15/03/2024 17:00,15,3,15/03/2024 17:00
111.54,17,22/03/2024 17:00,22,3,22/03/2024 17:00
112.32,17,29/04/2024 17:00,29,4,29/04/2024 17:00
112.41,17,1/04/2024 17:00,1,4,1/04/2024 17:00
112.46,17,8/04/2024 17:00,8,4,8/04/2024 17:00
112.47,17,15/04/2024 17:00,15,4,15/04/2024 17:00
113.16,17,22/04/2024 17:00,22,4,22/04/2024 17:00
113.21,17,29/05/2024 17:00,29,5,29/05/2024 17:00
113.32,17,1/05/2024 17:00,1,5,1/05/2024 17:00
113.57,17,8/05/2024 17:00,8,5,8/05/2024 17:00
113.8,17,15/05/2024 17:00,15,5,15/05/2024 17:00
113.82,17,22/05/2024 17:00,22,5,22/05/2024 17:00
113.82,17,29/06/2024 17:00,29,6,29/06/2024 17:00
113.93,17,1/06/2024 17:00,1,6,1/06/2024 17:00
114.31,17,8/06/2024 17:00,8,6,8/06/2024 17:00
114.37,17,15/06/2024 17:00,15,6,15/06/2024 17:00
114.5,17,22/06/2024 17:00,22,6,22/06/2024 17:00
114.67,17,29/06/2024 17:00,29,6,29/06/2024 17:00
95.08,18,1/01/2024 18:00,1,1,1/01/2024 18:00
95.12,18,8/01/2024 18:00,8,1,8/01/2024 18:00
95.49,18,15/01/2024 18:00,15,1,15/01/2024 18:00
97.4,18,22/01/2024 18:00,22,1,22/01/2024 18:00
97.52,18,29/02/2024 18:00,29,2,29/02/2024 18:00
98.26,18,1/02/2024 18:00,1,2,1/02/2024 18:00
98.29,18,8/02/2024 18:00,8,2,8/02/2024 18:00
98.91,18,15/02/2024 18:00,15,2,15/02/2024 18:00
98.92,18,22/02/2024 18:00,22,2,22/02/2024 18:00
98.95,18,29/03/2024 18:00,29,3,29/03/2024 18:00
99.57,18,1/03/2024 18:00,1,3,1/03/2024 18:00
100.25,18,8/03/2024 18:00,8,3,8/03/2024 18:00
100.44,18,15/03/2024 18:00,15,3,15/03/2024 18:00
101.71,18,22/03/2024 18:00,22,3,22/03/2024 18:00
102.06,18,29/04/2024 18:00,29,4,29/04/2024 18:00
102.18,18,1/04/2024 18:00,1,4,1/04/2024 18:00
102.21,18,8/04/2024 18:00,8,4,8/04/2024 18:00
102.74,18,15/04/2024 18:00,15,4,15/04/2024 18:00
103.73,18,22/04/2024 18:00,22,4,22/04/2024 18:00
104.42,18,29/05/2024 18:00,29,5,29/05/2024 18:00
104.59,18,1/05/2024 18:00,1,5,1/05/2024 18:00
105.34,18,8/05/2024 18:00,8,5,8/05/2024 18:00
105.43,18,15/05/2024 18:00,15,5,15/05/2024 18:00
107.48,18,22/05/2024 18:00,22,5,22/05/2024 18:00
108.14,18,29/06/2024 18:00,29,6,29/06/2024 18:00
108.4,18,1/06/2024 18:00,1,6,1/06/2024 18:00
108.62,18,8/06/2024 18:00,8,6,8/06/2024 18:00
108.65,18,15/06/2024 18:00,15,6,15/06/2024 18:00
108.83,18,22/06/2024 18:00,22,6,22/06/2024 18:00
109.84,18,29/06/2024 18:00,29,6,29/06/2024 18:00
90.73,19,1/01/2024 19:00,1,1,1/01/2024 19:00
90.73,19,8/01/2024 19:00,8,1,8/01/2024 19:00
91.52,19,15/01/2024 19:00,15,1,15/01/2024 19:00
91.88,19,22/01/2024 19:00,22,1,22/01/2024 19:00
91.89,19,29/02/2024 19:00,29,2,29/02/2024 19:00
92.27,19,1/02/2024 19:00,1,2,1/02/2024 19:00
92.81,19,8/02/2024 19:00,8,2,8/02/2024 19:00
92.94,19,15/02/2024 19:00,15,2,15/02/2024 19:00
92.95,19,22/02/2024 19:00,22,2,22/02/2024 19:00
93.15,19,29/03/2024 19:00,29,3,29/03/2024 19:00
93.97,19,1/03/2024 19:00,1,3,1/03/2024 19:00
94.09,19,8/03/2024 19:00,8,3,8/03/2024 19:00
94.3,19,15/03/2024 19:00,15,3,15/03/2024 19:00
95.01,19,22/03/2024 19:00,22,3,22/03/2024 19:00
96,19,29/04/2024 19:00,29,4,29/04/2024 19:00
96.02,19,1/04/2024 19:00,1,4,1/04/2024 19:00
96.03,19,8/04/2024 19:00,8,4,8/04/2024 19:00
96.46,19,15/04/2024 19:00,15,4,15/04/2024 19:00
96.51,19,22/04/2024 19:00,22,4,22/04/2024 19:00
96.66,19,29/05/2024 19:00,29,5,29/05/2024 19:00
96.83,19,1/05/2024 19:00,1,5,1/05/2024 19:00
97.5,19,8/05/2024 19:00,8,5,8/05/2024 19:00
97.6,19,15/05/2024 19:00,15,5,15/05/2024 19:00
97.7,19,22/05/2024 19:00,22,5,22/05/2024 19:00
97.93,19,29/06/2024 19:00,29,6,29/06/2024 19:00
98.34,19,1/06/2024 19:00,1,6,1/06/2024 19:00
98.55,19,8/06/2024 19:00,8,6,8/06/2024 19:00
98.6,19,15/06/2024 19:00,15,6,15/06/2024 19:00
98.82,19,22/06/2024 19:00,22,6,22/06/2024 19:00
99.85,19,29/06/2024 19:00,29,6,29/06/2024 19:00
80.77,20,1/01/2024 20:00,1,1,1/01/2024 20:00
81.67,20,8/01/2024 20:00,8,1,8/01/2024 20:00
82.67,20,15/01/2024 20:00,15,1,15/01/2024 20:00
82.97,20,22/01/2024 20:00,22,1,22/01/2024 20:00
83.58,20,29/02/2024 20:00,29,2,29/02/2024 20:00
84.01,20,1/02/2024 20:00,1,2,1/02/2024 20:00
84.03,20,8/02/2024 20:00,8,2,8/02/2024 20:00
84.19,20,15/02/2024 20:00,15,2,15/02/2024 20:00
85.14,20,22/02/2024 20:00,22,2,22/02/2024 20:00
85.33,20,29/03/2024 20:00,29,3,29/03/2024 20:00
85.38,20,1/03/2024 20:00,1,3,1/03/2024 20:00
85.39,20,8/03/2024 20:00,8,3,8/03/2024 20:00
85.53,20,15/03/2024 20:00,15,3,15/03/2024 20:00
85.66,20,22/03/2024 20:00,22,3,22/03/2024 20:00
86.08,20,29/04/2024 20:00,29,4,29/04/2024 20:00
86.61,20,1/04/2024 20:00,1,4,1/04/2024 20:00
86.64,20,8/04/2024 20:00,8,4,8/04/2024 20:00
86.79,20,15/04/2024 20:00,15,4,15/04/2024 20:00
86.92,20,22/04/2024 20:00,22,4,22/04/2024 20:00
87.4,20,29/05/2024 20:00,29,5,29/05/2024 20:00
87.5,20,1/05/2024 20:00,1,5,1/05/2024 20:00
87.81,20,8/05/2024 20:00,8,5,8/05/2024 20:00
88.35,20,15/05/2024 20:00,15,5,15/05/2024 20:00
88.56,20,22/05/2024 20:00,22,5,22/05/2024 20:00
89.15,20,29/06/2024 20:00,29,6,29/06/2024 20:00
89.16,20,1/06/2024 20:00,1,6,1/06/2024 20:00
89.29,20,8/06/2024 20:00,8,6,8/06/2024 20:00
89.68,20,15/06/2024 20:00,15,6,15/06/2024 20:00
89.83,20,22/06/2024 20:00,22,6,22/06/2024 20:00
89.84,20,29/06/2024 20:00,29,6,29/06/2024 20:00
70.66,21,1/01/2024 21:00,1,1,1/01/2024 21:00
71.39,21,8/01/2024 21:00,8,1,8/01/2024 21:00
71.85,21,15/01/2024 21:00,15,1,15/01/2024 21:00
72.64,21,22/01/2024 21:00,22,1,22/01/2024 21:00
72.65,21,29/02/2024 21:00,29,2,29/02/2024 21:00
72.78,21,1/02/2024 21:00,1,2,1/02/2024 21:00
73.32,21,8/02/2024 21:00,8,2,8/02/2024 21:00
73.9,21,15/02/2024 21:00,15,2,15/02/2024 21:00
74.15,21,22/02/2024 21:00,22,2,22/02/2024 21:00
74.47,21,29/03/2024 21:00,29,3,29/03/2024 21:00
74.87,21,1/03/2024 21:00,1,3,1/03/2024 21:00
75.16,21,8/03/2024 21:00,8,3,8/03/2024 21:00
75.37,21,15/03/2024 21:00,15,3,15/03/2024 21:00
75.78,21,22/03/2024 21:00,22,3,22/03/2024 21:00
75.84,21,29/04/2024 21:00,29,4,29/04/2024 21:00
76.02,21,1/04/2024 21:00,1,4,1/04/2024 21:00
76.05,21,8/04/2024 21:00,8,4,8/04/2024 21:00
76.11,21,15/04/2024 21:00,15,4,15/04/2024 21:00
76.49,21,22/04/2024 21:00,22,4,22/04/2024 21:00
76.99,21,29/05/2024 21:00,29,5,29/05/2024 21:00
77.26,21,1/05/2024 21:00,1,5,1/05/2024 21:00
77.66,21,8/05/2024 21:00,8,5,8/05/2024 21:00
78.68,21,15/05/2024 21:00,15,5,15/05/2024 21:00
78.93,21,22/05/2024 21:00,22,5,22/05/2024 21:00
79.13,21,29/06/2024 21:00,29,6,29/06/2024 21:00
79.25,21,1/06/2024 21:00,1,6,1/06/2024 21:00
79.39,21,8/06/2024 21:00,8,6,8/06/2024 21:00
79.51,21,15/06/2024 21:00,15,6,15/06/2024 21:00
79.91,21,22/06/2024 21:00,22,6,22/06/2024 21:00
60.14,22,29/06/2024 22:00,29,6,29/06/2024 22:00
62,22,1/01/2024 22:00,1,1,1/01/2024 22:00
62.25,22,8/01/2024 22:00,8,1,8/01/2024 22:00
62.51,22,15/01/2024 22:00,15,1,15/01/2024 22:00
62.58,22,22/01/2024 22:00,22,1,22/01/2024 22:00
62.72,22,29/02/2024 22:00,29,2,29/02/2024 22:00
63.13,22,1/02/2024 22:00,1,2,1/02/2024 22:00
63.5,22,8/02/2024 22:00,8,2,8/02/2024 22:00
63.73,22,15/02/2024 22:00,15,2,15/02/2024 22:00
63.98,22,22/02/2024 22:00,22,2,22/02/2024 22:00
65.2,22,29/03/2024 22:00,29,3,29/03/2024 22:00
65.23,22,1/03/2024 22:00,1,3,1/03/2024 22:00
66,22,8/03/2024 22:00,8,3,8/03/2024 22:00
66.02,22,15/03/2024 22:00,15,3,15/03/2024 22:00
66.15,22,22/03/2024 22:00,22,3,22/03/2024 22:00
66.19,22,29/04/2024 22:00,29,4,29/04/2024 22:00
67.39,22,1/04/2024 22:00,1,4,1/04/2024 22:00
67.46,22,8/04/2024 22:00,8,4,8/04/2024 22:00
67.46,22,15/04/2024 22:00,15,4,15/04/2024 22:00
67.49,22,22/04/2024 22:00,22,4,22/04/2024 22:00
67.76,22,29/05/2024 22:00,29,5,29/05/2024 22:00
67.95,22,1/05/2024 22:00,1,5,1/05/2024 22:00
67.98,22,8/05/2024 22:00,8,5,8/05/2024 22:00
68.3,22,15/05/2024 22:00,15,5,15/05/2024 22:00
68.43,22,22/05/2024 22:00,22,5,22/05/2024 22:00
68.86,22,29/06/2024 22:00,29,6,29/06/2024 22:00
69.15,22,1/06/2024 22:00,1,6,1/06/2024 22:00
69.23,22,8/06/2024 22:00,8,6,8/06/2024 22:00
69.34,22,15/06/2024 22:00,15,6,15/06/2024 22:00
69.57,22,22/06/2024 22:00,22,6,22/06/2024 22:00
76.97,22,29/06/2024 22:00,29,6,29/06/2024 22:00
60.04,23,1/01/2024 23:00,1,1,1/01/2024 23:00
60.3,23,8/01/2024 23:00,8,1,8/01/2024 23:00
60.43,23,15/01/2024 23:00,15,1,15/01/2024 23:00
60.43,23,22/01/2024 23:00,22,1,22/01/2024 23:00
60.49,23,29/02/2024 23:00,29,2,29/02/2024 23:00
60.78,23,1/02/2024 23:00,1,2,1/02/2024 23:00
60.94,23,8/02/2024 23:00,8,2,8/02/2024 23:00
61.24,23,15/02/2024 23:00,15,2,15/02/2024 23:00
61.48,23,22/02/2024 23:00,22,2,22/02/2024 23:00
61.51,23,29/03/2024 23:00,29,3,29/03/2024 23:00
61.7,23,1/03/2024 23:00,1,3,1/03/2024 23:00
62.86,23,8/03/2024 23:00,8,3,8/03/2024 23:00
63.11,23,15/03/2024 23:00,15,3,15/03/2024 23:00
63.29,23,22/03/2024 23:00,22,3,22/03/2024 23:00
63.29,23,29/04/2024 23:00,29,4,29/04/2024 23:00
63.29,23,1/04/2024 23:00,1,4,1/04/2024 23:00
63.78,23,8/04/2024 23:00,8,4,8/04/2024 23:00
63.86,23,15/04/2024 23:00,15,4,15/04/2024 23:00
63.87,23,22/04/2024 23:00,22,4,22/04/2024 23:00
63.95,23,29/05/2024 23:00,29,5,29/05/2024 23:00
64.54,23,1/05/2024 23:00,1,5,1/05/2024 23:00
65.44,23,8/05/2024 23:00,8,5,8/05/2024 23:00
66.38,23,15/05/2024 23:00,15,5,15/05/2024 23:00
66.53,23,22/05/2024 23:00,22,5,22/05/2024 23:00
66.92,23,29/06/2024 23:00,29,6,29/06/2024 23:00
67.36,23,1/06/2024 23:00,1,6,1/06/2024 23:00
67.52,23,8/06/2024 23:00,8,6,8/06/2024 23:00
68.41,23,15/06/2024 23:00,15,6,15/06/2024 23:00
69.39,23,22/06/2024 23:00,22,6,22/06/2024 23:00
69.66,23,29/06/2024 23:00,29,6,29/06/2024 23:00
,0,1/07/2024 0:00,1,7,1/07/2024 0:00
,0,8/07/2024 0:00,8,7,8/07/2024 0:00
,0,15/07/2024 0:00,15,7,15/07/2024 0:00
,0,22/07/2024 0:00,22,7,22/07/2024 0:00
,0,29/07/2024 0:00,29,7,29/07/2024 0:00
,0,1/08/2024 0:00,1,8,1/08/2024 0:00
,0,8/08/2024 0:00,8,8,8/08/2024 0:00
,0,15/08/2024 0:00,15,8,15/08/2024 0:00
,0,22/08/2024 0:00,22,8,22/08/2024 0:00
,0,29/08/2024 0:00,29,8,29/08/2024 0:00
,1,1/07/2024 1:00,1,7,1/07/2024 1:00
,1,8/07/2024 1:00,8,7,8/07/2024 1:00
,1,15/07/2024 1:00,15,7,15/07/2024 1:00
,1,22/07/2024 1:00,22,7,22/07/2024 1:00
,1,29/07/2024 1:00,29,7,29/07/2024 1:00
,1,1/08/2024 1:00,1,8,1/08/2024 1:00
,1,8/08/2024 1:00,8,8,8/08/2024 1:00
,1,15/08/2024 1:00,15,8,15/08/2024 1:00
,1,22/08/2024 1:00,22,8,22/08/2024 1:00
,1,29/08/2024 1:00,29,8,29/08/2024 1:00
,2,1/07/2024 2:00,1,7,1/07/2024 2:00
,2,8/07/2024 2:00,8,7,8/07/2024 2:00
,2,15/07/2024 2:00,15,7,15/07/2024 2:00
,2,22/07/2024 2:00,22,7,22/07/2024 2:00
,2,29/07/2024 2:00,29,7,29/07/2024 2:00
,2,1/08/2024 2:00,1,8,1/08/2024 2:00
,2,8/08/2024 2:00,8,8,8/08/2024 2:00
,2,15/08/2024 2:00,15,8,15/08/2024 2:00
,2,22/08/2024 2:00,22,8,22/08/2024 2:00
,2,29/08/2024 2:00,29,8,29/08/2024 2:00
,3,1/07/2024 3:00,1,7,1/07/2024 3:00
,3,8/07/2024 3:00,8,7,8/07/2024 3:00
,3,15/07/2024 3:00,15,7,15/07/2024 3:00
,3,22/07/2024 3:00,22,7,22/07/2024 3:00
,3,29/07/2024 3:00,29,7,29/07/2024 3:00
,3,1/08/2024 3:00,1,8,1/08/2024 3:00
,3,8/08/2024 3:00,8,8,8/08/2024 3:00
,3,15/08/2024 3:00,15,8,15/08/2024 3:00
,3,22/08/2024 3:00,22,8,22/08/2024 3:00
,3,29/08/2024 3:00,29,8,29/08/2024 3:00
,4,1/07/2024 4:00,1,7,1/07/2024 4:00
,4,8/07/2024 4:00,8,7,8/07/2024 4:00
,4,15/07/2024 4:00,15,7,15/07/2024 4:00
,4,22/07/2024 4:00,22,7,22/07/2024 4:00
,4,29/07/2024 4:00,29,7,29/07/2024 4:00
,4,1/08/2024 4:00,1,8,1/08/2024 4:00
,4,8/08/2024 4:00,8,8,8/08/2024 4:00
,4,15/08/2024 4:00,15,8,15/08/2024 4:00
,4,22/08/2024 4:00,22,8,22/08/2024 4:00
,4,29/08/2024 4:00,29,8,29/08/2024 4:00
,5,1/07/2024 5:00,1,7,1/07/2024 5:00
,5,8/07/2024 5:00,8,7,8/07/2024 5:00
,5,15/07/2024 5:00,15,7,15/07/2024 5:00
,5,22/07/2024 5:00,22,7,22/07/2024 5:00
,5,29/07/2024 5:00,29,7,29/07/2024 5:00
,5,1/08/2024 5:00,1,8,1/08/2024 5:00
,5,8/08/2024 5:00,8,8,8/08/2024 5:00
,5,15/08/2024 5:00,15,8,15/08/2024 5:00
,5,22/08/2024 5:00,22,8,22/08/2024 5:00
,5,29/08/2024 5:00,29,8,29/08/2024 5:00
,6,1/07/2024 6:00,1,7,1/07/2024 6:00
,6,8/07/2024 6:00,8,7,8/07/2024 6:00
,6,15/07/2024 6:00,15,7,15/07/2024 6:00
,6,22/07/2024 6:00,22,7,22/07/2024 6:00
,6,29/07/2024 6:00,29,7,29/07/2024 6:00
,6,1/08/2024 6:00,1,8,1/08/2024 6:00
,6,8/08/2024 6:00,8,8,8/08/2024 6:00
,6,15/08/2024 6:00,15,8,15/08/2024 6:00
,6,22/08/2024 6:00,22,8,22/08/2024 6:00
,6,29/08/2024 6:00,29,8,29/08/2024 6:00
,7,1/07/2024 7:00,1,7,1/07/2024 7:00
,7,8/07/2024 7:00,8,7,8/07/2024 7:00
,7,15/07/2024 7:00,15,7,15/07/2024 7:00
,7,22/07/2024 7:00,22,7,22/07/2024 7:00
,7,29/07/2024 7:00,29,7,29/07/2024 7:00
,7,1/08/2024 7:00,1,8,1/08/2024 7:00
,7,8/08/2024 7:00,8,8,8/08/2024 7:00
,7,15/08/2024 7:00,15,8,15/08/2024 7:00
,7,22/08/2024 7:00,22,8,22/08/2024 7:00
,7,29/08/2024 7:00,29,8,29/08/2024 7:00
,8,1/07/2024 8:00,1,7,1/07/2024 8:00
,8,8/07/2024 8:00,8,7,8/07/2024 8:00
,8,15/07/2024 8:00,15,7,15/07/2024 8:00
,8,22/07/2024 8:00,22,7,22/07/2024 8:00
,8,29/07/2024 8:00,29,7,29/07/2024 8:00
,8,1/08/2024 8:00,1,8,1/08/2024 8:00
,8,8/08/2024 8:00,8,8,8/08/2024 8:00
,8,15/08/2024 8:00,15,8,15/08/2024 8:00
,8,22/08/2024 8:00,22,8,22/08/2024 8:00
,8,29/08/2024 8:00,29,8,29/08/2024 8:00
,9,1/07/2024 9:00,1,7,1/07/2024 9:00
,9,8/07/2024 9:00,8,7,8/07/2024 9:00
,9,15/07/2024 9:00,15,7,15/07/2024 9:00
,9,22/07/2024 9:00,22,7,22/07/2024 9:00
,9,29/07/2024 9:00,29,7,29/07/2024 9:00
,9,1/08/2024 9:00,1,8,1/08/2024 9:00
,9,8/08/2024 9:00,8,8,8/08/2024 9:00
,9,15/08/2024 9:00,15,8,15/08/2024 9:00
,9,22/08/2024 9:00,22,8,22/08/2024 9:00
,9,29/08/2024 9:00,29,8,29/08/2024 9:00
,10,1/07/2024 10:00,1,7,1/07/2024 10:00
,10,8/07/2024 10:00,8,7,8/07/2024 10:00
,10,15/07/2024 10:00,15,7,15/07/2024 10:00
,10,22/07/2024 10:00,22,7,22/07/2024 10:00
,10,29/07/2024 10:00,29,7,29/07/2024 10:00
,10,1/08/2024 10:00,1,8,1/08/2024 10:00
,10,8/08/2024 10:00,8,8,8/08/2024 10:00
,10,15/08/2024 10:00,15,8,15/08/2024 10:00
,10,22/08/2024 10:00,22,8,22/08/2024 10:00
,10,29/08/2024 10:00,29,8,29/08/2024 10:00
,11,1/07/2024 11:00,1,7,1/07/2024 11:00
,11,8/07/2024 11:00,8,7,8/07/2024 11:00
,11,15/07/2024 11:00,15,7,15/07/2024 11:00
,11,22/07/2024 11:00,22,7,22/07/2024 11:00
,11,29/07/2024 11:00,29,7,29/07/2024 11:00
,11,1/08/2024 11:00,1,8,1/08/2024 11:00
,11,8/08/2024 11:00,8,8,8/08/2024 11:00
,11,15/08/2024 11:00,15,8,15/08/2024 11:00
,11,22/08/2024 11:00,22,8,22/08/2024 11:00
,11,29/08/2024 11:00,29,8,29/08/2024 11:00
,12,1/07/2024 12:00,1,7,1/07/2024 12:00
,12,8/07/2024 12:00,8,7,8/07/2024 12:00
,12,15/07/2024 12:00,15,7,15/07/2024 12:00
,12,22/07/2024 12:00,22,7,22/07/2024 12:00
,12,29/07/2024 12:00,29,7,29/07/2024 12:00
,12,1/08/2024 12:00,1,8,1/08/2024 12:00
,12,8/08/2024 12:00,8,8,8/08/2024 12:00
,12,15/08/2024 12:00,15,8,15/08/2024 12:00
,12,22/08/2024 12:00,22,8,22/08/2024 12:00
,12,29/08/2024 12:00,29,8,29/08/2024 12:00
,13,1/07/2024 13:00,1,7,1/07/2024 13:00
,13,8/07/2024 13:00,8,7,8/07/2024 13:00
,13,15/07/2024 13:00,15,7,15/07/2024 13:00
,13,22/07/2024 13:00,22,7,22/07/2024 13:00
,13,29/07/2024 13:00,29,7,29/07/2024 13:00
,13,1/08/2024 13:00,1,8,1/08/2024 13:00
,13,8/08/2024 13:00,8,8,8/08/2024 13:00
,13,15/08/2024 13:00,15,8,15/08/2024 13:00
,13,22/08/2024 13:00,22,8,22/08/2024 13:00
,13,29/08/2024 13:00,29,8,29/08/2024 13:00
,14,1/07/2024 14:00,1,7,1/07/2024 14:00
,14,8/07/2024 14:00,8,7,8/07/2024 14:00
,14,15/07/2024 14:00,15,7,15/07/2024 14:00
,14,22/07/2024 14:00,22,7,22/07/2024 14:00
,14,29/07/2024 14:00,29,7,29/07/2024 14:00
,14,1/08/2024 14:00,1,8,1/08/2024 14:00
,14,8/08/2024 14:00,8,8,8/08/2024 14:00
,14,15/08/2024 14:00,15,8,15/08/2024 14:00
,14,22/08/2024 14:00,22,8,22/08/2024 14:00
,14,29/08/2024 14:00,29,8,29/08/2024 14:00
,15,1/07/2024 15:00,1,7,1/07/2024 15:00
,15,8/07/2024 15:00,8,7,8/07/2024 15:00
,15,15/07/2024 15:00,15,7,15/07/2024 15:00
,15,22/07/2024 15:00,22,7,22/07/2024 15:00
,15,29/07/2024 15:00,29,7,29/07/2024 15:00
,15,1/08/2024 15:00,1,8,1/08/2024 15:00
,15,8/08/2024 15:00,8,8,8/08/2024 15:00
,15,15/08/2024 15:00,15,8,15/08/2024 15:00
,15,22/08/2024 15:00,22,8,22/08/2024 15:00
,15,29/08/2024 15:00,29,8,29/08/2024 15:00
,16,1/07/2024 16:00,1,7,1/07/2024 16:00
,16,8/07/2024 16:00,8,7,8/07/2024 16:00
,16,15/07/2024 16:00,15,7,15/07/2024 16:00
,16,22/07/2024 16:00,22,7,22/07/2024 16:00
,16,29/07/2024 16:00,29,7,29/07/2024 16:00
,16,1/08/2024 16:00,1,8,1/08/2024 16:00
,16,8/08/2024 16:00,8,8,8/08/2024 16:00
,16,15/08/2024 16:00,15,8,15/08/2024 16:00
,16,22/08/2024 16:00,22,8,22/08/2024 16:00
,16,29/08/2024 16:00,29,8,29/08/2024 16:00
,17,1/07/2024 17:00,1,7,1/07/2024 17:00
,17,8/07/2024 17:00,8,7,8/07/2024 17:00
,17,15/07/2024 17:00,15,7,15/07/2024 17:00
,17,22/07/2024 17:00,22,7,22/07/2024 17:00
,17,29/07/2024 17:00,29,7,29/07/2024 17:00
,17,1/08/2024 17:00,1,8,1/08/2024 17:00
,17,8/08/2024 17:00,8,8,8/08/2024 17:00
,17,15/08/2024 17:00,15,8,15/08/2024 17:00
,17,22/08/2024 17:00,22,8,22/08/2024 17:00
,17,29/08/2024 17:00,29,8,29/08/2024 17:00
,18,1/07/2024 18:00,1,7,1/07/2024 18:00
,18,8/07/2024 18:00,8,7,8/07/2024 18:00
,18,15/07/2024 18:00,15,7,15/07/2024 18:00
,18,22/07/2024 18:00,22,7,22/07/2024 18:00
,18,29/07/2024 18:00,29,7,29/07/2024 18:00
,18,1/08/2024 18:00,1,8,1/08/2024 18:00
,18,8/08/2024 18:00,8,8,8/08/2024 18:00
,18,15/08/2024 18:00,15,8,15/08/2024 18:00
,18,22/08/2024 18:00,22,8,22/08/2024 18:00
,18,29/08/2024 18:00,29,8,29/08/2024 18:00
,19,1/07/2024 19:00,1,7,1/07/2024 19:00
,19,8/07/2024 19:00,8,7,8/07/2024 19:00
,19,15/07/2024 19:00,15,7,15/07/2024 19:00
,19,22/07/2024 19:00,22,7,22/07/2024 19:00
,19,29/07/2024 19:00,29,7,29/07/2024 19:00
,19,1/08/2024 19:00,1,8,1/08/2024 19:00
,19,8/08/2024 19:00,8,8,8/08/2024 19:00
,19,15/08/2024 19:00,15,8,15/08/2024 19:00
,19,22/08/2024 19:00,22,8,22/08/2024 19:00
,19,29/08/2024 19:00,29,8,29/08/2024 19:00
,20,1/07/2024 20:00,1,7,1/07/2024 20:00
,20,8/07/2024 20:00,8,7,8/07/2024 20:00
,20,15/07/2024 20:00,15,7,15/07/2024 20:00
,20,22/07/2024 20:00,22,7,22/07/2024 20:00
,20,29/07/2024 20:00,29,7,29/07/2024 20:00
,20,1/08/2024 20:00,1,8,1/08/2024 20:00
,20,8/08/2024 20:00,8,8,8/08/2024 20:00
,20,15/08/2024 20:00,15,8,15/08/2024 20:00
,20,22/08/2024 20:00,22,8,22/08/2024 20:00
,20,29/08/2024 20:00,29,8,29/08/2024 20:00
,21,1/07/2024 21:00,1,7,1/07/2024 21:00
,21,8/07/2024 21:00,8,7,8/07/2024 21:00
,21,15/07/2024 21:00,15,7,15/07/2024 21:00
,21,22/07/2024 21:00,22,7,22/07/2024 21:00
,21,29/07/2024 21:00,29,7,29/07/2024 21:00
,21,1/08/2024 21:00,1,8,1/08/2024 21:00
,21,8/08/2024 21:00,8,8,8/08/2024 21:00
,21,15/08/2024 21:00,15,8,15/08/2024 21:00
,21,22/08/2024 21:00,22,8,22/08/2024 21:00
,21,29/08/2024 21:00,29,8,29/08/2024 21:00
,22,1/07/2024 22:00,1,7,1/07/2024 22:00
,22,8/07/2024 22:00,8,7,8/07/2024 22:00
,22,15/07/2024 22:00,15,7,15/07/2024 22:00
,22,22/07/2024 22:00,22,7,22/07/2024 22:00
,22,29/07/2024 22:00,29,7,29/07/2024 22:00
,22,1/08/2024 22:00,1,8,1/08/2024 22:00
,22,8/08/2024 22:00,8,8,8/08/2024 22:00
,22,15/08/2024 22:00,15,8,15/08/2024 22:00
,22,22/08/2024 22:00,22,8,22/08/2024 22:00
,22,29/08/2024 22:00,29,8,29/08/2024 22:00
,23,1/07/2024 23:00,1,7,1/07/2024 23:00
,23,8/07/2024 23:00,8,7,8/07/2024 23:00
,23,15/07/2024 23:00,15,7,15/07/2024 23:00
,23,22/07/2024 23:00,22,7,22/07/2024 23:00
,23,29/07/2024 23:00,29,7,29/07/2024 23:00
,23,1/08/2024 23:00,1,8,1/08/2024 23:00
,23,8/08/2024 23:00,8,8,8/08/2024 23:00
,23,15/08/2024 23:00,15,8,15/08/2024 23:00
,23,22/08/2024 23:00,22,8,22/08/2024 23:00
,23,29/08/2024 23:00,29,8,29/08/2024 23:00
